human_score,bleu_score,chrf++_score,ter_score,rouge_score,comet_score,llm-reference-based_score,llm-reference-free_score
0.44236397345128703,12.904743073923072,47.44806619950705,0.3529411764705883,1.0,0.8677414059638977,85.0,92.0
0.44236397345128703,12.384901282810539,45.15733919641677,0.2941176470588235,1.0,0.8461452126502991,85.0,92.0
-0.7191318308094067,4.780204393760627,31.414684518126062,0.17647058823529416,1.0,0.5767763257026672,25.0,25.0
0.8737767007481161,27.199778234956106,55.167400805065,0.3333333333333335,0.0,0.8256550431251526,85.0,85.0
1.1724470504151516,25.41369971207021,55.87557702250828,0.3333333333333335,0.0,0.8345736861228943,85.0,92.0
-0.22134791469768084,7.435471987270686,31.765149441488393,0.2222222222222221,0.0,0.6883181929588318,45.0,72.0
0.5087351622661838,12.627447243144081,55.72743649834441,0.0,1.0,0.9071739315986633,85.0,85.0
1.1724470504151516,3.854820984876957,44.073917953651595,0.0,1.0,0.8916897177696228,85.0,85.0
-0.6859462364019583,2.2077238252320415,30.874141396872805,0.0,1.0,0.5650753974914551,45.0,65.0
0.4755495678587354,13.688880628467613,55.3967574092149,0.3157894736842105,1.0,0.8797526955604553,85.0,85.0
1.0728902671928064,14.611440827204028,57.76696093199071,0.3421052631578947,1.0,0.8781126141548157,85.0,85.0
-2.079741201514791,2.7802976979741234,13.013883736360354,0.0,0.4,0.26501742005348206,0.0,5.0
0.4755495678587354,19.770724632573593,53.67485779493023,0.2962962962962963,0.0,0.9400857090950012,85.0,95.0
0.5087351622661838,22.903467127079328,51.659039779418606,0.37037037037037035,0.0,0.9286386370658875,85.0,92.0
-1.0178021804764423,4.132997453651697,35.547779694977265,0.14814814814814814,0.0,0.6884841322898865,45.0,45.0
0.8074055119332193,23.10325762059593,55.12303810129892,0.3333333333333335,1.0,0.8764083981513977,85.0,85.0
0.8737767007481161,15.326859947928295,44.728844995044405,0.19047619047619047,0.0,0.7271866202354431,85.0,85.0
-1.2832869357360295,7.929026506841378,26.262239899705435,0.1428571428571429,0.2857142857142857,0.4717450439929962,45.0,72.0
-0.12179113147533566,6.27465531099474,17.985106876198817,0.0,1.0,0.8271562457084656,72.0,85.0
0.7410343231183225,11.339582221952005,29.311285901433713,0.125,1.0,0.817857563495636,85.0,85.0
-0.7523174252168551,5.669791110976001,15.975488947060471,0.0,1.0,0.6661378741264343,25.0,45.0
0.44236397345128703,26.835433067540844,51.835055129089824,0.3157894736842105,0.5,0.8499607443809509,82.0,85.0
0.27643600141404506,26.835433067540844,51.714485824586696,0.3157894736842105,0.5,0.8582234978675842,75.0,85.0
-0.7523174252168551,7.854024802414566,31.874056703530123,0.1578947368421053,0.8571428571428571,0.4248256981372833,25.0,45.0
1.2056326448226,17.827531042796252,58.05565197019148,0.11111111111111116,0.5,0.9347798228263855,85.0,95.0
0.7410343231183225,17.827531042796252,57.771407471917755,0.11111111111111116,0.5,0.8768211603164673,85.0,85.0
0.27643600141404506,14.991106946711685,35.378232691873826,0.11111111111111116,0.3333333333333333,0.5512504577636719,75.0,72.0
1.2388182392300484,17.827531042796252,63.976717745747,0.3333333333333335,0.5,0.9462850689888,85.0,85.0
1.2388182392300484,27.901593935858266,69.47963658702247,0.4444444444444444,0.8,0.9546862244606018,85.0,85.0
-0.3872758867349228,5.6042333754805735,40.61677669587868,0.11111111111111116,0.8,0.5107167363166809,45.0,45.0
0.7742199175257709,28.582347148150316,64.13913854630816,0.48,0.0,0.9202331304550171,85.0,88.0
1.1060758616002548,11.426874894754281,49.839505132966316,0.24,0.0,0.9015941023826599,85.0,88.0
-0.9514309916615454,11.229967835385601,39.463428884681804,0.19999999999999996,0.0,0.5616567134857178,45.0,25.0
0.17687921819169988,27.708405454689462,50.030688315024385,0.2727272727272727,1.0,0.7479118704795837,85.0,85.0
0.44236397345128703,24.180681260144137,45.47186289278067,0.2727272727272727,1.0,0.666155993938446,85.0,75.0
-0.5200182643647163,8.085298080223222,31.986992324498846,0.13636363636363635,0.4,0.5335889458656311,45.0,45.0
0.4755495678587354,4.858971931642977,30.909360066714907,0.04761904761904778,0.5,0.8131210803985596,82.0,85.0
0.9069622951555645,5.075941779982178,33.33096399626245,0.04761904761904778,0.5,0.8455172777175903,85.0,85.0
-0.6859462364019583,5.077416728542048,29.09978184377459,0.09523809523809523,0.5,0.49088171124458313,45.0,65.0
0.9069622951555645,20.49546920525897,53.47496332884034,0.23809523809523814,0.0,0.8416450619697571,85.0,85.0
0.9069622951555645,20.49546920525897,53.47496332884034,0.23809523809523814,0.0,0.8416450619697571,85.0,85.0
-0.4536470755498196,5.717400011646488,38.727527089052124,0.1428571428571429,0.0,0.679937481880188,72.0,72.0
-0.02223434825299048,10.024860898287802,41.824067786647554,0.2666666666666667,0.0,0.8011528253555298,85.0,85.0
0.44236397345128703,14.857553529969492,47.5247811061686,0.3333333333333335,0.0,0.9078511595726013,85.0,88.0
-1.3164725301434779,5.464919978327246,33.174475199930384,0.1333333333333333,0.0,0.5898042321205139,65.0,45.0
-0.12179113147533566,9.932149542370619,42.019295455830935,0.17647058823529416,0.0,0.6746902465820312,72.0,72.0
0.9733334839704613,7.1398852856951835,45.136381216040185,0.08823529411764708,0.0,0.8100637197494507,82.0,85.0
-1.5487716909956166,3.2437418182625617,25.088116597356187,0.11764705882352944,0.0,0.4642346203327179,15.0,25.0
0.4755495678587354,5.166992049767955,35.433306666285475,0.23333333333333328,0.0,0.8480392098426819,85.0,72.0
0.6414775398959773,15.687545978719289,52.26883538295864,0.2666666666666667,0.0,0.8986313939094543,88.0,85.0
-0.9514309916615454,3.998577965246236,22.082655395448782,0.16666666666666652,0.0,0.5037758350372314,45.0,45.0
1.0065190783779097,19.33468431429113,68.39317723032894,0.25,1.0,0.9648234248161316,85.0,85.0
0.8405911063406677,17.001078098404236,61.25080776567814,0.08333333333333348,1.0,0.9495880603790283,25.0,25.0
-0.7523174252168551,7.645949399477267,32.06185618566786,0.0,0.2222222222222222,0.6565106511116028,72.0,72.0
0.1105080293768031,8.842019030033134,47.498107221392196,0.3333333333333335,1.0,0.7592245936393738,72.0,72.0
0.9401478895630129,18.304949648983417,56.57146888599962,0.41666666666666663,1.0,0.8695767521858215,88.0,92.0
-1.150544558106236,9.874675363882337,29.725513297248856,0.16666666666666652,0.4285714285714285,0.5259495377540588,45.0,45.0
0.4755495678587354,19.04758160679858,50.59285919991642,0.2558139534883721,0.888888888888889,0.8698075413703918,85.0,85.0
0.7742199175257709,10.246856476928237,48.81992818562465,0.2325581395348837,0.6666666666666665,0.8681720495223999,85.0,85.0
-1.1173589636987875,5.8402717777879944,34.18945390603355,0.16279069767441856,0.6153846153846153,0.4596477448940277,25.0,25.0
0.40917837904383864,14.62806365365753,61.91018886682088,0.25,0.0,0.9502402544021606,85.0,92.0
1.2388182392300484,6.917184228205474,47.785529830010894,0.08333333333333348,0.0,0.9447569251060486,85.0,92.0
-1.1173589636987875,3.745640979211903,22.408301765593595,0.25,0.0,0.5794984102249146,45.0,45.0
0.34280719022894185,4.44458779458587,43.29140102569884,0.16666666666666652,0.0,0.9130927920341492,82.0,85.0
1.0728902671928064,7.768562846380176,47.66057137734131,0.25,0.0,0.9419332146644592,85.0,95.0
-0.8850598028466486,4.023185929567685,18.702607594532083,0.16666666666666652,0.0,0.5175272226333618,45.0,45.0
0.1436936237842515,57.64183534834001,69.22260208053218,0.6363636363636364,0.0,0.9256214499473572,85.0,95.0
0.6082919454885289,4.4101320793671075,47.409538393570394,0.13636363636363635,0.0,0.8726896643638611,85.0,95.0
-1.4492149077732714,2.0653410595252972,6.961742303480206,0.045454545454545414,0.0,0.49113935232162476,25.0,72.0
0.5087351622661838,9.628379930834788,43.014622247539684,0.14814814814814814,0.33333333333333337,0.8472881317138672,82.0,85.0
0.7078487287108741,23.98382249841605,59.672874750740625,0.3333333333333335,1.0,0.8566610813140869,85.0,92.0
-0.918245397254097,10.452498041939908,33.7338462991274,0.14814814814814814,0.33333333333333337,0.5570101141929626,45.0,72.0
0.8074055119332193,6.97359814867876,54.79494646836236,0.1875,0.0,0.9440023303031921,85.0,92.0
0.6746631343034257,5.997679046248611,54.78828946889741,0.1875,0.0,0.930123507976532,85.0,88.0
-2.079741201514791,0.7067604405306844,17.898727029196206,0.0,0.0,0.528723955154419,0.0,0.0
0.5751063510810805,22.688113269236386,66.4614177807457,0.3333333333333335,0.0,0.9238923192024231,85.0,92.0
1.2388182392300484,44.05136963304349,70.27093219502784,0.4,0.0,0.9307389855384827,85.0,95.0
-2.079741201514791,1.9146030690102513,7.539312812839085,0.0,0.0,0.3775716722011566,0.0,0.0
0.34280719022894185,11.485259075659595,45.05110656724661,0.25,1.0,0.8918965458869934,85.0,85.0
0.5087351622661838,11.90122334543185,46.14362384944265,0.30000000000000004,1.0,0.8291168808937073,85.0,85.0
-1.2169157469211327,2.3104599284290486,23.9156983253077,0.050000000000000044,0.5,0.40561190247535706,25.0,25.0
0.7078487287108741,15.874424985828282,53.52074707569356,0.0714285714285714,0.0,0.8372247815132141,85.0,85.0
1.0065190783779097,15.957482811058448,53.89379499111383,0.0357142857142857,0.0,0.8560488820075989,85.0,88.0
-1.5155860965881682,3.8395951227846226,29.987129661531846,0.0357142857142857,0.0,0.3944458067417145,25.0,25.0
0.0441368405619063,10.413029177416922,47.20501228579499,0.17647058823529416,0.0,0.744559109210968,85.0,85.0
1.0065190783779097,10.690953926649575,48.9156737266695,0.2941176470588235,0.0,0.8656365275382996,85.0,85.0
-0.9846165860689938,8.107841474081338,19.461375445783606,0.05882352941176483,0.0,0.5050080418586731,25.0,45.0
0.7410343231183225,12.759307794697138,52.176928794479494,0.3333333333333335,0.0,0.9122676849365234,85.0,85.0
0.7742199175257709,13.354339892249618,54.61756330451719,0.4444444444444444,0.0,0.8885766863822937,85.0,85.0
-2.079741201514791,0.0,6.8659628605049665,0.0,0.0,0.3633696138858795,0.0,0.0
-0.18816232029023244,27.37447006720734,52.931910710361365,0.37142857142857144,0.0,0.6806027889251709,72.0,72.0
0.0773224349693547,39.710387906968144,58.17553878002508,0.4571428571428572,0.0,0.834309458732605,85.0,72.0
-1.6483284742179618,4.339256673554032,30.64051309128445,0.22857142857142843,0.0,0.41954031586647034,15.0,15.0
0.21006481259914828,16.87298376125996,54.95450025134063,0.34375,0.0,0.8518148064613342,82.0,85.0
0.8405911063406677,23.748408661928483,61.769811134118335,0.40625,0.0,0.8774703145027161,85.0,85.0
-1.5487716909956166,13.72049565877585,45.40592666827925,0.1875,0.0,0.47979986667633057,25.0,25.0
-0.18816232029023244,19.383418023456656,54.11572525806799,0.1333333333333333,0.0,0.8386447429656982,85.0,85.0
1.1392614560077032,19.383418023456656,53.69399711308862,0.1333333333333333,0.0,0.7875135540962219,85.0,85.0
-1.3828437189583747,17.059573701616802,42.25371757662601,0.06666666666666676,0.0,0.5706644654273987,25.0,45.0
0.17687921819169988,10.053711318630718,47.67233951347449,0.26315789473684215,0.0,0.8179503679275513,45.0,45.0
0.6082919454885289,3.3495035708457803,31.496730045141554,0.08333333333333348,0.0,0.8850406408309937,85.0,85.0
-1.0841733692913391,6.608973813188645,19.441058768426707,0.08333333333333348,0.0,0.39312389492988586,0.0,5.0
-2.079741201514791,10.67319486833034,26.136270564676657,0.08333333333333348,0.4444444444444445,0.6225008368492126,85.0,85.0
1.2056326448226,38.07791783168691,49.59955199840885,0.3333333333333335,0.888888888888889,0.7211814522743225,75.0,85.0
-1.250101341328581,31.68983464969033,22.03532310848147,0.08333333333333348,1.0,0.4766582250595093,25.0,25.0
0.5751063510810805,12.920606398131984,39.128893334663076,0.3571428571428571,0.0,0.851146936416626,75.0,85.0
0.8074055119332193,3.168429634207702,35.77948721834264,0.0,0.0,0.8392341136932373,85.0,85.0
-2.079741201514791,2.4074859035470344,16.19301335782119,0.0,0.0,0.3653249740600586,5.0,5.0
1.2388182392300484,7.39343948260436,33.327855009779235,0.0,0.5,0.9466793537139893,85.0,95.0
1.2388182392300484,7.817610446892725,32.2321540964554,0.125,0.5,0.9444234371185303,85.0,92.0
-2.079741201514791,0.0,6.773507193317379,0.0,0.0,0.2693139612674713,0.0,0.0
1.0065190783779097,16.5838472529457,56.05217024750806,0.2666666666666667,1.0,0.930080771446228,85.0,88.0
0.6746631343034257,19.491845693684468,58.18678357683539,0.2666666666666667,1.0,0.9171156287193298,85.0,92.0
-1.4824005021807198,16.586105071157164,37.378075512918855,0.19999999999999996,1.0,0.4355478584766388,15.0,15.0
0.8074055119332193,14.62806365365753,61.660269266390976,0.16666666666666652,0.0,0.9198341369628906,85.0,88.0
0.9401478895630129,14.62806365365753,61.49364316235174,0.16666666666666652,0.0,0.9303768277168274,85.0,92.0
-0.5200182643647163,4.016138436407654,13.179548496815258,0.08333333333333348,0.0,0.44658544659614563,25.0,45.0
0.4755495678587354,14.253911354181854,49.56335786785064,0.19999999999999996,0.0,0.9123382568359375,85.0,85.0
0.6746631343034257,15.77454598068419,44.56979222215517,0.2666666666666667,0.0,0.917511522769928,85.0,85.0
-1.3164725301434779,10.521495173810226,28.519119300632482,0.2666666666666667,0.0,0.44126591086387634,25.0,25.0
0.7742199175257709,21.281701380712928,58.164808727220354,0.30434782608695654,0.0,0.8958376049995422,85.0,85.0
0.7078487287108741,21.47607499133801,53.58225160685013,0.34782608695652173,0.0,0.8937150835990906,85.0,85.0
-1.3164725301434779,17.82905825942095,37.063671245976394,0.17391304347826098,0.0,0.6051471829414368,45.0,45.0
0.9401478895630129,9.58172811719118,56.7254614816194,0.30434782608695654,1.0,0.9136561751365662,85.0,88.0
0.9733334839704613,12.769750591015587,59.09305739078975,0.26086956521739135,1.0,0.8981130123138428,85.0,85.0
-0.8186886140317519,4.073155345362124,24.34557591628914,0.08695652173913049,0.5,0.4352233409881592,25.0,25.0
0.5419207566736322,28.129148710958383,54.23258927922636,0.5294117647058825,0.0,0.934216320514679,85.0,85.0
0.5751063510810805,28.129148710958383,54.55437715730582,0.5294117647058825,0.0,0.9354055523872375,85.0,85.0
-0.918245397254097,15.119292037773725,41.55296378721445,0.23529411764705888,0.0,0.49171182513237,45.0,45.0
0.5419207566736322,13.32358437599213,54.08448287053525,0.3076923076923077,0.0,0.9171807169914246,85.0,92.0
1.1724470504151516,6.439931429457922,40.90526366058228,0.0,0.0,0.8850173354148865,85.0,85.0
-1.581957285403065,6.108557268562174,33.05321331902649,0.0,0.0,0.36070704460144043,25.0,25.0
0.1105080293768031,6.104393655998346,32.03864039899564,0.3571428571428571,0.0,0.7398830056190491,82.0,85.0
0.6082919454885289,7.476324823139326,37.653798943993586,0.4285714285714286,0.0,0.9001197814941406,85.0,85.0
-1.3828437189583747,3.4712352633359758,25.96913708731194,0.2142857142857143,0.0,0.5950149893760681,25.0,25.0
0.6082919454885289,30.14335251508215,69.24339789154932,0.47058823529411764,0.0,0.9464733600616455,85.0,92.0
0.8074055119332193,18.27921852511911,65.11188319215123,0.4117647058823529,0.0,0.950839102268219,85.0,88.0
-1.4824005021807198,4.780204393760627,25.436486793057345,0.11764705882352944,0.0,0.47994258999824524,15.0,15.0
1.039704672785358,19.36354928722926,62.95476139661555,0.2142857142857143,1.0,0.949876606464386,85.0,92.0
1.2388182392300484,28.317428549179333,67.91829263940215,0.2857142857142857,1.0,0.9501240849494934,85.0,92.0
-1.7146996630328586,17.53528352255253,44.07660115691327,0.0714285714285714,1.0,0.7175577282905579,15.0,15.0
0.5087351622661838,3.5792807886387674,43.24328105738932,0.1333333333333333,0.0,0.8890232443809509,85.0,85.0
0.44236397345128703,6.0745880708766835,51.92195275255648,0.1333333333333333,0.0,0.8466682434082031,85.0,85.0
-0.8518742084392003,3.234245292096216,24.019210620218352,0.06666666666666676,0.0,0.49732306599617004,25.0,45.0
0.21006481259914828,4.44458779458587,29.546604918684306,0.15384615384615385,0.0,0.9211848974227905,85.0,88.0
0.7410343231183225,7.20914034876181,33.223699683878834,0.15384615384615385,0.0,0.9190738797187805,85.0,85.0
-1.6483284742179618,3.4585921141027365,18.99822936007384,0.0,0.0,0.3625558912754059,15.0,15.0
-0.02223434825299048,8.591316733350183,35.22138703350371,0.18181818181818177,0.0,0.8731206059455872,72.0,82.0
0.44236397345128703,8.139165682360764,38.59563101007708,0.09090909090909094,0.0,0.8936826586723328,76.0,76.0
-1.2169157469211327,3.737437943747671,16.871478059107538,0.0,0.0,0.39914289116859436,25.0,25.0
0.4755495678587354,6.2047985604249,53.53232908782749,0.15000000000000002,0.75,0.9174027442932129,75.0,75.0
0.5087351622661838,4.686621581836457,47.91721293112276,0.15000000000000002,0.0,0.8759437203407288,85.0,85.0
-0.6859462364019583,6.14297303735283,40.40871431530723,0.15000000000000002,0.75,0.7220219969749451,45.0,65.0
0.17687921819169988,5.6973296254926895,33.897189670173304,0.21739130434782605,0.0,0.815772533416748,82.0,82.0
0.34280719022894185,5.148118464820922,35.30154308656732,0.26086956521739135,0.0,0.6990342736244202,72.0,72.0
-1.250101341328581,6.71647205235486,30.35187727178733,0.17391304347826098,0.2,0.7035036683082581,45.0,45.0
0.24325040700659667,18.20705281109213,44.56704985579685,0.21739130434782605,1.0,0.8461679816246033,85.0,85.0
0.4755495678587354,22.536453058221607,46.40883846041204,0.30434782608695654,1.0,0.8550366163253784,85.0,85.0
-1.7810708518477554,3.5201262872553554,12.513333239670574,0.0,0.1739130434782609,0.393483430147171,45.0,45.0
0.17687921819169988,10.690953926649575,40.10261131526099,0.25,0.6666666666666666,0.7092671990394592,85.0,85.0
0.0441368405619063,5.0434268098327735,43.753395020260626,0.0625,0.6666666666666666,0.7606479525566101,85.0,85.0
-1.6483284742179618,5.290165775046923,33.0322680706924,0.0,0.4,0.48254409432411194,25.0,25.0
0.17687921819169988,13.963923473554178,41.55487050988347,0.16666666666666652,0.0,0.639613687992096,85.0,85.0
0.6082919454885289,4.141141330484801,30.26235431500805,0.0,0.0,0.6899273991584778,72.0,72.0
-1.8142564462552038,4.582537664687117,28.107323137848383,0.11111111111111116,0.0,0.3849116861820221,25.0,25.0
0.27643600141404506,5.921305060920625,44.34046719238197,0.25,0.0,0.8216709494590759,85.0,85.0
1.0065190783779097,9.63145602675597,49.22342392205057,0.3333333333333335,0.0,0.9025291204452515,85.0,92.0
-1.250101341328581,5.7685013074659475,34.45850773401221,0.20833333333333348,0.0,0.4778355062007904,25.0,45.0
0.5087351622661838,22.798055018612587,53.040786862478605,0.37037037037037035,0.0,0.91884845495224,85.0,85.0
0.44236397345128703,12.682999918764205,49.42453006989936,0.2592592592592592,0.0,0.8991017937660217,85.0,85.0
-1.7810708518477554,3.3963563855950367,21.983086211161513,0.03703703703703709,0.0,0.43330496549606323,15.0,15.0
0.1105080293768031,4.308098852550457,36.12817967207126,0.07692307692307698,0.0,0.6453955173492432,66.0,66.0
0.6082919454885289,3.471023784089876,29.050675000496806,0.07692307692307698,0.0,0.8347227573394775,85.0,85.0
-2.079741201514791,0.7716270058689811,10.418068366541844,0.0,0.0,0.2808644473552704,0.0,0.0
0.21006481259914828,32.139672639811124,58.07062769203836,0.3571428571428571,0.6666666666666666,0.9100849032402039,85.0,85.0
0.7078487287108741,37.42657246981032,61.24662602083215,0.2857142857142857,1.0,0.9153236746788025,85.0,92.0
-0.8186886140317519,2.583127052981358,25.268264078043458,0.0,0.7272727272727273,0.7026210427284241,45.0,45.0
0.5087351622661838,6.0745880708766835,47.606924680171055,0.19999999999999996,0.0,0.9041752219200134,85.0,85.0
0.5419207566736322,5.538003944406129,40.85876655992401,0.19999999999999996,0.0,0.9035374522209167,85.0,85.0
-2.079741201514791,2.2869567780619007,0.8554108666367309,0.0,0.0,0.45391443371772766,15.0,95.0
0.5087351622661838,7.824659081740297,40.589626529740194,0.23076923076923062,0.0,0.9063404202461243,85.0,95.0
0.9733334839704613,9.621015408672907,46.75992816985169,0.23076923076923062,0.0,0.9250107407569885,85.0,95.0
-1.9801844182924457,3.716499092256818,22.23861595585183,0.07692307692307698,0.0,0.4908812642097473,15.0,15.0
0.1436936237842515,13.028414285552993,50.63839225703305,0.1578947368421053,0.4,0.9036781787872314,85.0,88.0
0.6746631343034257,12.522212981427638,50.13910426448766,0.10526315789473684,0.4,0.8899454474449158,85.0,88.0
-1.6151428798105134,4.7584037026681765,28.86894520289996,0.0,0.22222222222222224,0.5673273205757141,25.0,25.0
1.1060758616002548,13.315494041203438,60.11207740171809,0.04761904761904778,0.0,0.8937007784843445,85.0,85.0
0.9069622951555645,17.895706401541528,64.66665009585736,0.2857142857142857,0.0,0.8785693049430847,85.0,85.0
-0.918245397254097,2.077331895828815,36.11347942220053,0.0,0.0,0.5678637027740479,15.0,15.0
0.6082919454885289,24.475340607908883,58.711359576755676,0.4444444444444444,0.0,0.9128814935684204,85.0,85.0
1.2388182392300484,7.341165388264382,48.16874478802459,0.16666666666666652,0.0,0.9083171486854553,85.0,92.0
-2.079741201514791,1.7611044047748272,15.79399462642338,0.0,0.0,0.193431556224823,0.0,0.0
0.30962159582149346,47.750342648354646,68.57741048500623,0.5,0.0,0.9582653641700745,85.0,85.0
0.30962159582149346,15.254876080281448,60.51326835307928,0.375,0.0,0.9314860701560974,85.0,92.0
-0.4536470755498196,11.59119922599073,32.268549263507786,0.125,0.0,0.8870680928230286,75.0,85.0
0.6082919454885289,6.155551986529277,45.26781823212997,0.2790697674418605,1.0,0.8193246126174927,85.0,85.0
1.2388182392300484,11.22340174480739,44.415134833397026,0.30232558139534893,1.0,0.7878486514091492,85.0,88.0
-1.7810708518477554,5.382046561420412,29.220118941538875,0.18604651162790697,1.0,0.3993729054927826,15.0,15.0
1.2388182392300484,14.64781876991736,61.925373880118215,0.19999999999999996,0.0,0.8686128258705139,85.0,92.0
1.2388182392300484,13.706146326959747,62.53895232321371,0.19999999999999996,0.0,0.8990717530250549,92.0,92.0
1.1873676147273446,24.76980256562108,62.22013582439872,0.4736842105263158,0.0,0.9352354407310486,85.0,92.0
-1.3600848948786297,0.5799975368190927,7.623288222897825,0.0,0.0,0.2671354115009308,0.0,0.0
1.0854695143431057,8.085182710148956,48.0119215558777,0.19999999999999996,0.0,0.9432646632194519,85.0,85.0
1.1873676147273446,5.376829790324733,50.060107108586706,0.0,0.0,0.956766664981842,85.0,95.0
-0.0608841149795828,4.246549372656572,27.05508227139022,0.0,0.0,0.5497775077819824,15.0,15.0
1.0090459390549265,19.345299022826186,51.122745030938646,0.09090909090909094,1.0,0.9542245268821716,85.0,85.0
-0.5194255667086581,9.083627868206413,33.625065391996856,0.0,1.0,0.8786497712135315,72.0,72.0
-1.2581867944943907,9.147827112247603,6.40432543082049,0.0,0.13333333333333333,0.5444483160972595,25.0,85.0
0.7288261629982692,7.772174600740504,51.005390927431606,0.04761904761904778,0.0,0.9146094918251038,92.0,92.0
0.550504487325851,10.526917628488148,53.520112494956926,0.09523809523809523,0.0,0.9098703861236572,92.0,92.0
-0.7232217674771361,2.245787784328702,30.406996147262603,0.0,0.0,0.5469300150871277,25.0,45.0
1.059994989247046,7.432998184513635,50.897782228640644,0.08333333333333348,0.0,0.8167054653167725,85.0,92.0
1.1364185645352252,4.419687163412962,48.543707357222345,0.08333333333333348,0.0,0.8377475142478943,85.0,92.0
-1.232712269398331,6.256118460580958,36.623974762630944,0.0,0.0,0.5241312384605408,45.0,45.0
-0.5449000918047179,42.944948109279814,64.39929170908391,0.5384615384615385,0.0,0.80995112657547,85.0,85.0
0.958096888862807,45.74563333993254,67.3948658882933,0.6153846153846153,0.0,0.9289063811302185,85.0,95.0
-1.2072377443022713,4.112982349983278,37.314676432352265,0.15384615384615385,0.0,0.5703697800636292,72.0,72.0
0.7288261629982692,9.469167282754096,28.61687611729548,0.2222222222222221,0.0,0.8677345514297485,85.0,85.0
1.1109440394391654,10.729256185679601,41.63955573633072,0.11111111111111116,0.0,0.8915550112724304,85.0,92.0
-1.2581867944943907,9.442944296079734,26.94631898849401,0.2222222222222221,0.0,0.4510910212993622,72.0,72.0
0.8307242633825082,19.223240570360833,60.85528113425202,0.3571428571428571,0.0,0.8607961535453796,85.0,85.0
-1.1053396439180323,23.801485533558356,60.30116149952362,0.4285714285714286,0.0,0.9062191843986511,85.0,92.0
-1.33461036978257,3.4354485199782263,21.865089316242354,0.1428571428571429,0.0,0.3452296555042267,25.0,25.0
1.1873676147273446,7.40354787297858,34.76765505965647,0.2727272727272727,0.6666666666666666,0.8991432189941406,85.0,95.0
0.5759790124219107,9.150273711870005,44.42070471143095,0.2727272727272727,0.3333333333333333,0.8987711071968079,85.0,95.0
1.1873676147273446,6.054630691682828,25.342142563452224,0.09090909090909094,0.3333333333333333,0.8573848605155945,72.0,85.0
1.1109440394391654,6.920599279469469,44.27160590757854,0.11111111111111116,0.5,0.8334749341011047,85.0,85.0
0.8561987884785679,6.429451441231725,43.58716653600916,0.11111111111111116,0.5,0.9236733317375183,85.0,92.0
-1.3091358446865102,4.8896574421667385,28.363383848137087,0.11111111111111116,0.5,0.6392480134963989,25.0,25.0
-1.3091358446865102,6.999952032088207,48.47711249842486,0.19999999999999996,1.0,0.9110237956047058,85.0,88.0
1.0090459390549265,5.435780239272011,45.133306261019726,0.19999999999999996,0.7499999999999999,0.9163523316383362,85.0,92.0
-1.33461036978257,2.9809077846520733,28.742637505297342,0.06666666666666676,0.5714285714285715,0.6711110472679138,45.0,45.0
0.2957592363652536,15.918289065533832,61.46202215206172,0.25,0.0,0.9132024645805359,85.0,72.0
0.2957592363652536,12.836520024977334,53.04169374754962,0.25,0.0,0.8869279026985168,85.0,85.0
-1.1053396439180323,6.129055270897608,32.36706923822792,0.125,0.0,0.5396520495414734,45.0,45.0
1.1873676147273446,19.217636273103075,43.33559831960362,0.2272727272727273,0.0,0.8427228331565857,85.0,92.0
-1.1817632192062115,12.775673023826075,40.79553884530223,0.2272727272727273,0.0,0.8550007939338684,85.0,85.0
-1.2836613195904505,10.269754859886746,32.37341457018651,0.09090909090909094,0.0,0.6084429621696472,45.0,72.0
0.5759790124219107,7.947817971173893,43.62792408578969,0.3333333333333335,0.5,0.8640360236167908,85.0,85.0
1.1364185645352252,16.9537564819721,44.739834379926805,0.19047619047619047,0.5,0.8890072703361511,85.0,85.0
-1.3091358446865102,2.07618205992394,11.179633771568975,0.0,0.1818181818181818,0.4934830963611603,25.0,25.0
0.27028471126919384,12.788180343547412,39.121568750492195,0.4666666666666667,0.0,0.8021137118339539,85.0,85.0
0.06648851050071591,10.569646130410534,31.205541840321498,0.2666666666666667,0.0,0.8876610398292542,85.0,85.0
-1.3091358446865102,10.569646130410534,24.762869288961785,0.19999999999999996,0.0,0.4026726484298706,45.0,45.0
-1.3091358446865102,8.839374326825924,46.60385267483524,0.2857142857142857,0.0,0.8815979957580566,85.0,82.0
1.1109440394391654,5.406502668979586,42.01205287941816,0.0,0.0,0.9069023132324219,85.0,92.0
-1.33461036978257,3.9297193407553013,27.093776889804587,0.1428571428571429,0.0,0.5414949655532837,25.0,25.0
1.0345204641509862,6.12957497932821,53.48091920270638,0.16666666666666652,0.0,0.9427767395973206,85.0,92.0
0.9835714139588667,24.489516889906383,56.18455738319672,0.3333333333333335,0.0,0.9357238411903381,85.0,92.0
-0.7232217674771361,13.348189438082965,50.141082567969875,0.2222222222222221,0.0,0.6152969598770142,25.0,45.0
0.4995554371337316,24.71244254525358,46.671675759159406,0.0,0.8,0.9008774757385254,85.0,85.0
-0.9270179682456141,4.085507150363302,23.42732790031529,0.0,0.8,0.8514849543571472,85.0,85.0
-1.33461036978257,3.3864985683445354,3.2639585529162303,0.0,0.3076923076923077,0.47639521956443787,72.0,85.0
0.7543006880943289,9.24499896438747,43.8914441923787,0.2727272727272727,0.0,0.9167761206626892,85.0,92.0
1.0345204641509862,9.22635643555325,43.446550814698284,0.2272727272727273,0.0,0.9010680913925171,85.0,92.0
-1.028916068629853,7.52421768074461,24.097244868333053,0.13636363636363635,0.0,0.44881558418273926,25.0,45.0
-0.03540958988352306,3.042812100617061,32.40081021571848,0.1875,0.0,0.8798795342445374,85.0,85.0
0.6778771128061497,3.0521968279991727,31.149058665963476,0.0625,0.0,0.9180122017860413,85.0,92.0
-1.3091358446865102,1.9146030690102513,7.715097519971419,0.0,0.0,0.35539960861206055,0.0,0.0
1.1873676147273446,28.618534782587144,68.51879986279943,0.38888888888888884,0.0,0.9627155065536499,92.0,92.0
0.9071478386706875,13.158989342649576,61.160012430778885,0.4444444444444444,0.0,0.9355941414833069,85.0,85.0
-1.33461036978257,1.4445809981770859,0.7000224663509598,0.0,0.0,0.42018792033195496,25.0,85.0
0.7797752131903887,4.521920382276018,41.789507800456654,0.07692307692307698,1.0,0.9095211625099182,85.0,88.0
0.2448101861731341,7.488431799307931,48.502864738003865,0.038461538461538436,1.0,0.9031006693840027,85.0,92.0
-0.7741708176692556,3.511476270817333,32.27701595933513,0.0,1.0,0.4932805001735687,25.0,25.0
1.1873676147273446,10.38136452671299,58.88885508275797,0.24,1.0,0.9254927039146423,85.0,85.0
-0.7486962925731958,12.506914277739801,53.14120150171707,0.24,1.0,0.908962070941925,85.0,92.0
-1.33461036978257,3.2720230822977134,12.072159882542785,0.0,0.25,0.3418234884738922,15.0,15.0
-0.7232217674771361,27.65067725339188,57.83534414602048,0.36,1.0,0.8909603953361511,85.0,85.0
1.0345204641509862,40.26492013312878,66.10475519179872,0.4,1.0,0.8804576396942139,85.0,85.0
-1.3091358446865102,3.0787460505623354,27.432299630991263,0.0,0.16666666666666669,0.4722311198711395,25.0,45.0
0.47408091203767183,7.52421768074461,49.99680776501458,0.09523809523809523,0.0,0.8804450631141663,85.0,85.0
1.1873676147273446,3.889818545474848,45.725935987668926,0.04761904761904778,0.0,0.8898347020149231,85.0,85.0
-1.2581867944943907,1.9822566267103439,19.604385618911095,0.0,0.0,0.40131351351737976,25.0,25.0
1.0090459390549265,8.523278832198827,58.9423132640237,0.16666666666666652,0.0,0.8997134566307068,85.0,85.0
0.7288261629982692,8.737167851715874,58.13629913808652,0.25,0.0,0.8093207478523254,85.0,85.0
-1.33461036978257,1.2414943415352928,6.667316826695647,0.0,0.0,0.31740888953208923,0.0,0.0
0.7288261629982692,33.03164318013807,66.20470784687159,0.4285714285714286,0.0,0.9569465517997742,85.0,92.0
0.550504487325851,8.051153633013374,46.67584626667296,0.0,0.0,0.9647471308708191,85.0,85.0
-1.33461036978257,6.567274736060396,25.990526563707633,0.0,0.0,0.325021892786026,5.0,5.0
0.3721828116534328,10.343603005129705,33.41087752792325,0.0,0.0,0.8938636183738708,85.0,88.0
0.8307242633825082,11.251329738544609,46.09537966029615,0.15384615384615385,0.0,0.928817093372345,85.0,85.0
-0.21373126555594127,2.273154356702287,21.92360554924173,0.0,0.0,0.535601794719696,45.0,45.0
0.6014535375179705,10.82597837309053,41.27853872981019,0.07692307692307698,0.0,0.907250702381134,85.0,88.0
1.1873676147273446,10.88300613173165,41.05807400157403,0.07692307692307698,0.0,0.908883810043335,85.0,92.0
-1.028916068629853,5.855164519178108,29.407050614061248,0.07692307692307698,0.0,0.5418888926506042,25.0,25.0
1.1364185645352252,24.913987816053783,63.232344270059556,0.4375,0.0,0.9342311024665833,88.0,85.0
0.65240258771009,16.1692143534558,49.99870438919763,0.1875,0.0,0.8895073533058167,85.0,85.0
-0.9270179682456141,7.148072814198279,47.324861253648976,0.25,0.0,0.50072181224823,45.0,45.0
-0.13730769026776202,18.090914696276084,54.409355866757195,0.2592592592592592,0.0,0.9011142253875732,85.0,85.0
0.01553946030859643,7.948653562485141,46.33499872030873,0.11111111111111116,0.0,0.8934231996536255,85.0,88.0
-0.9270179682456141,4.726297685599528,35.521730378260955,0.07407407407407407,0.0,0.5006335377693176,25.0,25.0
1.1873676147273446,11.467654757780467,52.754635072009506,0.44999999999999996,0.8,0.8560982346534729,85.0,85.0
0.6014535375179705,11.918217509864135,55.126173149291155,0.4,0.8,0.8124348521232605,75.0,75.0
-1.028916068629853,6.061139523857837,29.590033834309903,0.30000000000000004,0.8,0.5128251910209656,45.0,45.0
1.1873676147273446,14.344118073213723,50.742242965207666,0.5,1.0,0.8367177844047546,85.0,92.0
1.161893089631285,15.316505441103912,49.798042457013,0.4444444444444444,1.0,0.7876303195953369,85.0,85.0
-1.33461036978257,6.108557268562174,18.39321638482166,0.16666666666666652,0.6153846153846153,0.48131421208381653,25.0,45.0
-0.7232217674771361,22.045650580086985,45.29469912298475,0.11764705882352944,0.0,0.7718456387519836,75.0,72.0
-1.1562886941101518,5.351490979283507,35.789651770454554,0.11764705882352944,0.0,0.748239278793335,85.0,88.0
-0.7373993545992524,2.8752756483814887,13.619392843245107,0.05882352941176483,0.0,0.4347904622554779,25.0,45.0
-0.6109157603283687,24.694586397773886,55.78553730298881,0.38888888888888884,1.0,0.7073618769645691,72.0,72.0
0.11636490672921307,17.65580019601814,53.26251098123823,0.38888888888888884,1.0,0.758882462978363,85.0,85.0
-1.4963009202245552,8.713533315693871,31.570927443442876,0.16666666666666652,0.4444444444444445,0.4483390748500824,25.0,45.0
1.0966127623285624,12.469284614528092,55.02812503389365,0.25,1.0,0.9560054540634155,85.0,88.0
1.0017500666253996,12.39899236095509,50.02408498390067,0.1875,1.0,0.936287522315979,85.0,92.0
-0.8638829488701362,4.553719184146073,22.797474539171894,0.0625,0.25,0.6951356530189514,45.0,45.0
1.254717255167167,18.570761271084827,62.40374546507106,0.3333333333333335,0.0,0.8829490542411804,85.0,85.0
1.0966127623285624,9.394000046422507,54.57381683864953,0.19047619047619047,0.0,0.8783703446388245,90.0,90.0
-1.3381964273859503,2.3305025167765567,23.979434300589173,0.09523809523809523,0.0,0.5712793469429016,25.0,25.0
0.3693320952709806,17.725925674502374,52.33165371393503,0.1428571428571429,0.0,0.9162470698356628,85.0,85.0
0.6855410809481901,18.302961686714678,51.21883345699042,0.2142857142857143,0.0,0.8507903814315796,85.0,85.0
-1.7492681087663227,0.5964554503052834,5.127992694310224,0.0,0.0,0.2149224579334259,0.0,0.0
0.8120246752190738,14.20720982563114,50.14506045697607,0.21875,0.3333333333333333,0.8370221257209778,85.0,85.0
1.0333709651931204,8.100563481802364,48.45296302431959,0.125,0.6666666666666666,0.8363580107688904,85.0,85.0
-1.4014382245213923,2.355560877629147,25.013497333535717,0.03125,0.15384615384615383,0.4792759120464325,45.0,45.0
1.0649918637608413,7.645949399477267,61.50911178684784,0.3157894736842105,0.0,0.9329822063446045,85.0,85.0
0.17960670386465497,11.433361115787452,65.22013622594378,0.3157894736842105,0.0,0.9271148443222046,85.0,85.0
-1.2433337316827875,4.141141330484801,29.352719927726152,0.052631578947368474,0.0,0.5884572863578796,25.0,45.0
0.748782878083632,16.529545271036138,47.81888321284401,0.32352941176470584,0.0,0.7467328906059265,82.0,85.0
0.6222992838127481,4.144903577106891,41.79759073576678,0.11764705882352944,0.0,0.7914578914642334,85.0,85.0
-1.464680021656834,8.198691319489479,31.863358550111343,0.1470588235294117,0.0,0.39567655324935913,25.0,25.0
-0.04173958610939166,11.995205538591074,50.51191329795216,0.34615384615384615,0.6666666666666666,0.8464450240135193,82.0,82.0
1.0966127623285624,10.160088173216108,45.66695271135557,0.2692307692307694,0.6666666666666666,0.8887943625450134,85.0,85.0
-1.1800919345473457,6.685734158060082,31.72646914826323,0.15384615384615385,0.4,0.5075526833534241,25.0,25.0
0.4009529938387016,10.414419091986513,59.876980693084306,0.2777777777777779,0.0,0.8889321684837341,82.0,82.0
1.1282336608962833,18.600355744459293,67.55173044909436,0.4444444444444444,0.0,0.9347111582756042,88.0,85.0
-1.2749546302505086,4.1202784939919095,26.951442359543115,0.0,0.0,0.5741556286811829,45.0,45.0
0.08474400816149212,4.044493303886346,38.06026216883905,0.06666666666666676,0.0,0.881552517414093,82.0,85.0
1.254717255167167,7.703061292979623,42.737021034977865,0.19999999999999996,0.0,0.8969497084617615,85.0,85.0
-1.4330591230891132,2.929443032792373,18.84578534927106,0.06666666666666676,0.0,0.4059336185455322,25.0,25.0
0.02150221102605023,10.657284485555579,52.26240740019955,0.1333333333333333,0.0,0.9345097541809082,85.0,92.0
1.1282336608962833,20.973425791310696,60.500190508880266,0.1333333333333333,0.0,0.915769636631012,85.0,85.0
-1.1800919345473457,13.520459769143477,35.51848350260502,0.1333333333333333,0.0,0.5292801856994629,25.0,25.0
0.8436455737867948,5.630400552901077,31.827948356453277,0.125,0.0,0.8653271794319153,85.0,85.0
-0.010118687541670711,10.816059393812111,39.67439561059719,0.25,0.0,0.9048426747322083,85.0,85.0
-1.3065755288182295,3.3864985683445354,5.465541435028189,0.0,0.0,0.4857918322086334,45.0,45.0
0.11636490672921307,5.875148471810145,49.88380532374986,0.1333333333333333,0.0,0.8994114995002747,85.0,85.0
1.2230963565994462,5.32864224277779,55.37241889522306,0.1333333333333333,0.0,0.9261144399642944,85.0,92.0
-1.0536083402764618,4.108053662461269,24.423949991561283,0.0,0.0,0.49175596237182617,45.0,45.0
0.147985805296934,6.482993212910186,43.85416260634586,0.0714285714285714,0.0,0.8148865699768066,75.0,82.0
1.1598545594640042,17.696061128311285,60.502389489728806,0.5,0.0,0.920261800289154,85.0,95.0
-1.527921818792276,3.211527255344238,8.62596518930113,0.0,0.0,0.34141477942466736,25.0,45.0
1.0017500666253996,13.49923091969276,50.37111973482305,0.3571428571428571,1.0,0.8429909348487854,85.0,92.0
1.286338153734888,12.002702197925217,33.9182288923182,0.2142857142857143,1.0,0.9137780070304871,85.0,95.0
-1.464680021656834,9.929263644223564,15.963456904220507,0.0714285714285714,0.33333333333333337,0.47233015298843384,25.0,25.0
-0.010118687541670711,7.188959550044094,41.46011124410346,0.16666666666666652,1.0,0.9065651297569275,85.0,85.0
0.3693320952709806,4.016138436407654,30.067990761004133,0.08333333333333348,1.0,0.9013382792472839,85.0,85.0
-1.2117128331150666,2.8629993657668873,20.852488404239367,0.0,0.2857142857142857,0.38700637221336365,15.0,15.0
-0.10498138324483354,4.459310153552376,32.923137080660915,0.15000000000000002,1.0,0.7882525324821472,85.0,85.0
1.0333709651931204,13.938206366114187,49.40322913775366,0.4,1.0,0.8399731516838074,85.0,85.0
-1.4014382245213923,3.776949794525175,20.605817427885263,0.0,0.2857142857142857,0.41220512986183167,15.0,15.0
0.4325738924064225,13.134549472120788,39.5633780949071,0.2857142857142857,1.0,0.8982084393501282,75.0,85.0
-0.1366022818125545,13.134549472120788,39.66107453238764,0.1428571428571429,1.0,0.8347492218017578,75.0,85.0
-1.591163615927718,6.27465531099474,22.440955093715683,0.0,1.0,0.5689533352851868,25.0,25.0
0.33771119670325966,8.807535082379212,50.99473178136766,0.0,0.6666666666666666,0.908551812171936,85.0,85.0
-0.16822318038027542,6.468490584192433,46.39842863218988,0.0,0.0,0.8172368407249451,75.0,85.0
-1.591163615927718,3.234245292096216,21.622692429603514,0.0,0.4,0.49224698543548584,25.0,25.0
0.3693320952709806,5.099976328338483,33.065932364312715,0.07999999999999996,0.0,0.8092976212501526,85.0,85.0
0.5274365881095854,12.542088943566227,34.49617706159029,0.19999999999999996,0.0,0.8105259537696838,75.0,82.0
-1.4014382245213923,5.973478099277328,29.18118664027166,0.12,0.0,0.45219752192497253,25.0,25.0
0.147985805296934,14.747364570390475,60.79180782909938,0.1875,0.0,0.8353518843650818,72.0,72.0
0.9385082694899576,12.918025833717252,54.919198632129294,0.1875,0.0,0.8113715052604675,85.0,85.0
-0.958745644573299,2.8731570526769397,32.428670080308315,0.0625,0.0,0.516074001789093,45.0,45.0
0.9385082694899576,24.75215108688025,73.65117919954638,0.15384615384615385,0.0,0.9421603083610535,92.0,85.0
1.2230963565994462,7.922250668634465,59.26720541026287,0.0,0.0,0.9190453886985779,85.0,85.0
-0.9271247460055781,5.538003944406129,36.641754498643884,0.0,0.0,0.5612273812294006,45.0,45.0
1.1914754580317253,18.545405791834167,55.99390453842409,0.2777777777777779,0.0,0.8457761406898499,85.0,85.0
1.286338153734888,16.13258073195568,52.26333774900589,0.2777777777777779,0.0,0.8376815915107727,85.0,85.0
-1.0852292388441829,2.7247931978069366,22.748018058967492,0.0,0.0,0.4621139466762543,25.0,25.0
0.08474400816149212,6.65744397006014,41.62435768009715,0.05882352941176483,0.0,0.8295108675956726,72.0,72.0
0.4958156895418644,17.92334464048543,56.492499344256395,0.17647058823529416,0.0,0.7730638980865479,75.0,85.0
-1.559542717359997,2.273154356702287,3.8738745264329153,0.0,0.0,0.347232848405838,25.0,25.0
0.33771119670325966,20.18605850318639,48.33189354056465,0.3125,0.0,0.8925723433494568,85.0,85.0
0.9385082694899576,20.706193828327603,49.09681611894628,0.25,0.0,0.8858267664909363,85.0,85.0
-1.021987441708741,5.0912128230977505,25.769689774648253,0.0,0.0,0.4703657329082489,25.0,45.0
0.5590574866773063,4.585927796402968,37.88627527664185,0.18181818181818177,0.0,0.9000090956687927,85.0,85.0
1.0017500666253996,30.197230505396654,57.6241195657951,0.40909090909090906,0.0,0.9145532846450806,85.0,88.0
-1.4014382245213923,2.46751896063624,22.641568039333244,0.045454545454545414,0.0,0.46443185210227966,15.0,25.0
0.717161979515911,4.990049701936832,27.262372925061474,0.0,0.0,0.8921628594398499,45.0,85.0
1.1914754580317253,6.27465531099474,31.956994970369013,0.0,0.0,0.8984751105308533,85.0,85.0
-0.5476739631929267,4.196114906296549,22.13677621318136,0.0,0.0,0.7462618350982666,45.0,72.0
0.8436455737867948,6.809398432036521,47.220698065709044,0.23529411764705888,0.0,0.9330524206161499,85.0,92.0
0.8752664723545157,7.746720352681547,50.50868830835399,0.4117647058823529,0.0,0.9276174902915955,85.0,85.0
-1.591163615927718,1.337241211789236,14.861326415434513,0.0,0.0,0.291277676820755,0.0,0.0
0.8436455737867948,6.971423391413087,44.392994050322024,0.3076923076923077,0.0,0.9317373633384705,85.0,92.0
0.5590574866773063,6.94204756817975,43.812068478672856,0.3076923076923077,0.0,0.9312456250190735,85.0,92.0
-1.3065755288182295,3.4585921141027365,23.702039368711844,0.0,0.0,0.5002729296684265,15.0,15.0
0.4958156895418644,12.858902882463452,48.79758152141327,0.0714285714285714,0.0,0.8293858170509338,85.0,85.0
0.4009529938387016,15.52207177944405,54.82410836293125,0.1428571428571429,0.0,0.8645439743995667,85.0,85.0
-1.4963009202245552,1.2134261864140963,14.160710615025032,0.0,0.0,0.29326382279396057,0.0,0.0
0.9701291680576786,12.394692864376315,46.13227431507818,0.23529411764705888,1.0,0.8785796761512756,85.0,92.0
0.8752664723545157,12.31323137594454,47.569376725146114,0.23529411764705888,1.0,0.9156685471534729,85.0,95.0
-1.2749546302505086,7.207950246795946,15.293844466068801,0.0,0.3076923076923077,0.6316448450088501,72.0,75.0
0.6539201823804691,6.439931429457922,44.02354682704567,0.125,0.0,0.8946541547775269,85.0,85.0
0.33771119670325966,2.769348116298872,42.272282024286476,0.0,0.0,0.8328255414962769,85.0,85.0
-0.99036654314102,2.577168813572977,27.445947840461837,0.0,0.0,0.4972608983516693,25.0,25.0
0.9701291680576786,2.5590823010528183,37.001416666927895,0.0,0.0,0.7226768136024475,85.0,85.0
1.2230963565994462,4.885326644211927,43.73936975966358,0.1333333333333333,0.0,0.8442714214324951,85.0,85.0
-0.99036654314102,9.107438368292145,37.81733931923918,0.19999999999999996,0.0,0.37421533465385437,25.0,25.0
